{"RMSE_loss": {"train": 1642.788474278725, "valid": 1395.553732028295}, "R_squared": {"train": -1.3446058234162988, "valid": -1.6223539390094155}, "training_duration": 0.16198134422302246, "inference_latency": 5.965876579284668e-05}