{"RMSE_loss": {"train": 1659.2527398429268, "valid": 1408.5901762654505}, "R_squared": {"train": -1.3446058234162988, "valid": -1.622353939009415}, "training_duration": 0.400313138961792, "inference_latency": 0.00012980437278747558}