{"RMSE_loss": {"train": 1662.0646062640535, "valid": 1399.1959526344453}, "R_squared": {"train": -1.3446058234162988, "valid": -1.622353939009415}, "training_duration": 0.09274077415466309, "inference_latency": 0.00011422610282897949}