{"RMSE_loss": {"train": 1662.7099899836312, "valid": 1425.618052676378}, "R_squared": {"train": -1.3446058234162988, "valid": -1.622353939009415}, "training_duration": 0.0974276065826416, "inference_latency": 1.0479211807250977e-05}