{"mse": 49437.69895653452, "r2": -1.9661544796733064}