{"mse": 51399.180595751764, "r2": -2.0838391145523767}